onset	duration	trial_type	value	sample
32.5	7	13.0	4	32500
39.249	7	11.0	2	39249
42.083	7	13.0	4	42083
48.849	7	11.0	2	48849
51.649	7	12.0	3	51649
58.432	7	12.0	3	58432
61.216	7	13.0	4	61216
70.799	7	10.0	1	70799
80.182	7	12.0	3	80182
89.449	7	11.0	2	89449
98.849	7	12.0	3	98849
108.315	7	10.0	1	108315
117.582	7	13.0	4	117582
127.182	7	11.0	2	127182
136.731	7	10.0	1	136731
146.015	7	11.0	2	146015
155.481	7	10.0	1	155481
165.164	7	11.0	2	165164
174.631	7	13.0	4	174631
184.298	7	11.0	2	184298
193.881	7	12.0	3	193881
203.647	7	12.0	3	203647
213.397	7	10.0	1	213397
222.897	7	10.0	1	222897
232.513	7	12.0	3	232513
241.763	7	10.0	1	241763
251.463	7	11.0	2	251463
260.98	7	11.0	2	260980
270.713	7	12.0	3	270713
279.912	7	12.0	3	279912
289.596	7	13.0	4	289596
299.179	7	12.0	3	299179
308.412	7	13.0	4	308412
318.062	7	10.0	1	318062
327.312	7	11.0	2	327312
336.928	7	10.0	1	336928
346.311	7	13.0	4	346311
355.728	7	10.0	1	355728
365.328	7	12.0	3	365328
374.494	7	11.0	2	374494
383.978	7	13.0	4	383978
393.661	7	13.0	4	393661
403.228	7	11.0	2	403228
